State/Centre,Type,Board,Grade,Subject,Medium,Textbook Name,Chapter No.,Chapter Name,Chapter - Concept Name,Explanation,Practice,Combined,Selection process for video,Topic Name,Topic - Concept Name,Sub-Topic,Explanation,Practice,Combined,Selection process for video,Reviewed ,Comments
Centre,K-12,CBSE,Class 6,Geography,English,The Earth : Our Habitat,1,The Earth in the Solar System,The Solar System,https://diksha.gov.in/play/content/do_31257982036622540819785, ,,C3,NA,NA,NA,,,,,Reviewed ,
Centre,K-12,CBSE,Class 6,Geography,English,The Earth : Our Habitat,1,The Earth in the Solar System,The Solar System, ,,,,The Solar System,Solar Family,NA,https://diksha.gov.in/play/content/do_31257982037807104019786, , ,C3,Reviewed ,
Centre,K-12,CBSE,Class 6,Geography,English,The Earth : Our Habitat,1,The Earth in the Solar System,The Solar System, ,,,,The Solar System,Solar Family,The Sun,https://community.ekstep.in/preview/content/do_31257982044076441619787, , ,C5,Reviewed ,"Very long, may be used as teacher resource"
Centre,K-12,CBSE,Class 6,Geography,English,The Earth : Our Habitat,1,The Earth in the Solar System,The Solar System, ,,,,The Solar System,Solar Family,Planets,https://community.ekstep.in/preview/content/do_31257982045756620819788, , ,C5,Reviewed ,"Very long, may be used as teacher resource"
Centre,K-12,CBSE,Class 6,Geography,English,The Earth : Our Habitat,1,The Earth in the Solar System,The Solar System, ,,,,The Solar System,Solar Family,The Earth,https://diksha.gov.in/play/content/do_31257982053034393619792, , ,C3,Reviewed ,
Centre,K-12,CBSE,Class 6,Geography,English,The Earth : Our Habitat,1,The Earth in the Solar System,The Solar System, ,,,,The Solar System,Solar Family,The Moon,https://diksha.gov.in/play/content/do_31257982056024473629525, , ,C5,,
Centre,K-12,CBSE,Class 6,Geography,English,The Earth : Our Habitat,1,The Earth in the Solar System,The Solar System, ,,,,The Solar System,Solar Family,Asteroids,https://diksha.gov.in/play/content/do_31257982058723737619795, ,,C5,,
Centre,K-12,CBSE,Class 6,Geography,English,The Earth : Our Habitat,1,The Earth in the Solar System,The Solar System, ,,,,The Solar System,Solar Family,Meteoroids,https://diksha.gov.in/play/content/do_31257982060972441619796, ,,C5,,
Centre,K-12,CBSE,Class 6,Geography,English,The Earth : Our Habitat,2,Globe : Latitudes and Longitudes,Latitudes and Longitudes, ,https://diksha.gov.in/play/content/do_31250416998544179212882, ,C4,NA,NA,NA,,,,,Reviewed ,"C4 is correct, but this content is has both explanation and practice, so it is Combined"
Centre,K-12,CBSE,Class 6,Geography,English,The Earth : Our Habitat,2,Globe : Latitudes and Longitudes,Latitudes and Longitudes, ,,,,Important Parallels of Latitudes,Parallels of Latitudes,NA,https://diksha.gov.in/play/content/do_31257982071943987219799, ,,C1,,
Centre,K-12,CBSE,Class 6,Geography,English,The Earth : Our Habitat,2,Globe : Latitudes and Longitudes,Latitudes and Longitudes, ,, ,,Heat Zones of The Earth,Heat Zones,NA,https://community.ekstep.in/preview/content/do_31257982072745164819800, ,,C3,,
Centre,K-12,CBSE,Class 6,Geography,English,The Earth : Our Habitat,2,Globe : Latitudes and Longitudes,Latitudes and Longitudes, ,,,,What Are Longitudes?,Longitudes,NA,https://diksha.gov.in/play/content/do_31257982074893926429535, , ,C5,,
Centre,K-12,CBSE,Class 6,Geography,English,The Earth : Our Habitat,2,Globe : Latitudes and Longitudes,Latitudes and Longitudes, ,,,,Longitude and Time,Longitude and Time,NA,https://diksha.gov.in/play/content/do_31257982077906944019802,https://diksha.gov.in/play/content/do_31257982080620134419805, ,"C1,C5",Reviewed ,
Centre,K-12,CBSE,Class 6,Geography,English,The Earth : Our Habitat,2,Globe : Latitudes and Longitudes,Latitudes and Longitudes, ,,,,Why Do We Have Standard Time?,Standard Time,NA,https://diksha.gov.in/play/content/do_31257982081319731229537, ,,C1,Reviewed ,
Centre,K-12,CBSE,Class 6,Geography,English,The Earth : Our Habitat,3,Motions of the Earth,Earth's Motion,https://diksha.gov.in/play/content/do_31257982082944204829538, ,,C3,NA,NA,NA,https://diksha.gov.in/play/content/do_31257982083920691229539, ,,C1,,
Centre,K-12,CBSE,Class 6,Geography,English,The Earth : Our Habitat,4,Maps,Concept of Maps, , ,,,NA,NA,NA,,,,,,
Centre,K-12,CBSE,Class 6,Geography,English,The Earth : Our Habitat,4,Maps,Concept of Maps, ,,,,Physical Maps,Physical Maps,NA,https://diksha.gov.in/play/content/do_31257982088292761619811, ,,C1,,
Centre,K-12,CBSE,Class 6,Geography,English,The Earth : Our Habitat,4,Maps,Concept of Maps, ,,,,Political Maps,Political Maps,NA,, ,,,,
Centre,K-12,CBSE,Class 6,Geography,English,The Earth : Our Habitat,4,Maps,Concept of Maps, ,,,,Thematic Maps,Thematic Maps,NA,, ,,,,
Centre,K-12,CBSE,Class 6,Geography,English,The Earth : Our Habitat,4,Maps,Concept of Maps, ,,,,Distance,Distance,NA, , ,,,,
Centre,K-12,CBSE,Class 6,Geography,English,The Earth : Our Habitat,4,Maps,Concept of Maps, ,,,,Direction,Direction,NA, , ,,,,
Centre,K-12,CBSE,Class 6,Geography,English,The Earth : Our Habitat,4,Maps,Concept of Maps, ,,,,Symbols,Symbols,NA,https://diksha.gov.in/play/content/do_31257982104086937619822, ,,C3 covered 3 topics,Reviewed,Ok to cover 3 topics in one
Centre,K-12,CBSE,Class 6,Geography,English,The Earth : Our Habitat,4,Maps,Concept of Maps, ,,,,Sketch,Sketch,NA,, ,,,,
Centre,K-12,CBSE,Class 6,Geography,English,The Earth : Our Habitat,4,Maps,Concept of Maps, ,,,,Plan,Plan,NA,, ,,,,
Centre,K-12,CBSE,Class 6,Geography,English,The Earth : Our Habitat,5,Major Domains of The Earth,Domains of The Earth, ,,,,NA,NA,NA,,,,,,
Centre,K-12,CBSE,Class 6,Geography,English,The Earth : Our Habitat,5,Major Domains of The Earth,Domains of The Earth, ,,,,Lithosphere,Lithosphere,NA,,, ,,,
Centre,K-12,CBSE,Class 6,Geography,English,The Earth : Our Habitat,5,Major Domains of The Earth,Domains of The Earth, ,,,,Lithosphere,Lithosphere,Continents,,, ,,,
Centre,K-12,CBSE,Class 6,Geography,English,The Earth : Our Habitat,5,Major Domains of The Earth,Domains of The Earth, ,,,,Hydrosphere,Hydrosphere,NA,,, ,,,
Centre,K-12,CBSE,Class 6,Geography,English,The Earth : Our Habitat,5,Major Domains of The Earth,Domains of The Earth, ,,,,Hydrosphere,Hydrosphere,Oceans,,https://community.ekstep.in/preview/content/do_3125953748378009602289, ,C4,Reviewed,
Centre,K-12,CBSE,Class 6,Geography,English,The Earth : Our Habitat,5,Major Domains of The Earth,Domains of The Earth, ,,,,Atmosphere,Atmosphere,NA,https://community.ekstep.in/preview/content/do_312531632207536128114701, , ,C3,Reviewed,
Centre,K-12,CBSE,Class 6,Geography,English,The Earth : Our Habitat,5,Major Domains of The Earth,Domains of The Earth, ,,,,Biosphere - The Domain of Life,Biosphere,NA,,,,,,
Centre,K-12,CBSE,Class 6,Geography,English,The Earth : Our Habitat,6,Major Landforms of The Earth,Landforms of The Earth, ,,,,NA,NA,NA,,,,,,
Centre,K-12,CBSE,Class 6,Geography,English,The Earth : Our Habitat,6,Major Landforms of The Earth,Landforms of The Earth, ,,,,Mountains,Mountains,NA,,,,,,
Centre,K-12,CBSE,Class 6,Geography,English,The Earth : Our Habitat,6,Major Landforms of The Earth,Landforms of The Earth, ,,,,Plateaus,Plateaus,NA,,,,,,
Centre,K-12,CBSE,Class 6,Geography,English,The Earth : Our Habitat,6,Major Landforms of The Earth,Landforms of The Earth, ,,,,Plains,Plains,NA,,,,,,
Centre,K-12,CBSE,Class 6,Geography,English,The Earth : Our Habitat,6,Major Landforms of The Earth,Landforms of The Earth, ,,,,Landforms and the People,Humans living on different kinds of landforms,NA,,,,,,
Centre,K-12,CBSE,Class 6,Geography,English,The Earth : Our Habitat,7,Our Country – India,India,,, ,,NA,NA,NA,,,,,,
Centre,K-12,CBSE,Class 6,Geography,English,The Earth : Our Habitat,7,Our Country – India,India,,,,,Locational Setting,Locational Setting,NA,,,,,,
Centre,K-12,CBSE,Class 6,Geography,English,The Earth : Our Habitat,7,Our Country – India,India,,,,,India's Neighbours,India's Neighbours,NA,, ,,,,
Centre,K-12,CBSE,Class 6,Geography,English,The Earth : Our Habitat,7,Our Country – India,India,,,,,Political and Administrative Divisions,Political and Administrative Divisions,NA,,,,,,
Centre,K-12,CBSE,Class 6,Geography,English,The Earth : Our Habitat,7,Our Country – India,India,,,,,Physical Divisions,Physical Divisions,NA,,, ,,,
Centre,K-12,CBSE,Class 6,Geography,English,The Earth : Our Habitat,8,"India : Climate, Vegetation and Wildlife","Climate, Vegetation and Wildlife of India", ,,,,NA,NA,NA,,,,,,
Centre,K-12,CBSE,Class 6,Geography,English,The Earth : Our Habitat,8,"India : Climate, Vegetation and Wildlife","Climate, Vegetation and Wildlife of India", ,,,,Cold Weather Season or Winter,Winter in India,NA,,,,,,
Centre,K-12,CBSE,Class 6,Geography,English,The Earth : Our Habitat,8,"India : Climate, Vegetation and Wildlife","Climate, Vegetation and Wildlife of India", ,,,,Hot Weather Season or Summer,Summer in India,NA,,,,,,
Centre,K-12,CBSE,Class 6,Geography,English,The Earth : Our Habitat,8,"India : Climate, Vegetation and Wildlife","Climate, Vegetation and Wildlife of India", ,,,,South West Monsoon Season or Rainy Season,Rainy Season in India,NA,,,,,,
Centre,K-12,CBSE,Class 6,Geography,English,The Earth : Our Habitat,8,"India : Climate, Vegetation and Wildlife","Climate, Vegetation and Wildlife of India", ,,,,Season of Retreating Monsoons or Autumn,Autumn in India,NA,,,,,,
Centre,K-12,CBSE,Class 6,Geography,English,The Earth : Our Habitat,8,"India : Climate, Vegetation and Wildlife","Climate, Vegetation and Wildlife of India", ,,,,Natural Vegetation,Natural Vegetation in India,NA,,,,,,
Centre,K-12,CBSE,Class 6,Geography,English,The Earth : Our Habitat,8,"India : Climate, Vegetation and Wildlife","Climate, Vegetation and Wildlife of India", ,,,,Tropical Rain Forest,Tropical Rain Forest in India,NA,,,,,,
Centre,K-12,CBSE,Class 6,Geography,English,The Earth : Our Habitat,8,"India : Climate, Vegetation and Wildlife","Climate, Vegetation and Wildlife of India", ,,,,Tropical Deciduous Forests,Tropical Deciduous Forests in India,NA,,,,,,
Centre,K-12,CBSE,Class 6,Geography,English,The Earth : Our Habitat,8,"India : Climate, Vegetation and Wildlife","Climate, Vegetation and Wildlife of India", ,,,,Thorny Bushes,Thorny Bushes in India,NA,,,,,,
Centre,K-12,CBSE,Class 6,Geography,English,The Earth : Our Habitat,8,"India : Climate, Vegetation and Wildlife","Climate, Vegetation and Wildlife of India", ,,,,Mountain Vegetation,Mountain Vegetation in India,NA,,,,,,
Centre,K-12,CBSE,Class 6,Geography,English,The Earth : Our Habitat,8,"India : Climate, Vegetation and Wildlife","Climate, Vegetation and Wildlife of India", ,,,,Mangrove Forests,Mangrove Forests in India,NA,,,,,,
Centre,K-12,CBSE,Class 6,Geography,English,The Earth : Our Habitat,8,"India : Climate, Vegetation and Wildlife","Climate, Vegetation and Wildlife of India", ,,,,Why Are Forests Necessary?,Importance of Forest in India,NA,,,,,,
Centre,K-12,CBSE,Class 6,Geography,English,The Earth : Our Habitat,8,"India : Climate, Vegetation and Wildlife","Climate, Vegetation and Wildlife of India", ,,,,Wild Life,Wild Life in India,NA,, ,,,,
Centre,K-12,CBSE,Class 6,Geography,English,The Earth : Our Habitat,8,"India : Climate, Vegetation and Wildlife","Climate, Vegetation and Wildlife of India", ,,,,Migratory Birds,Migratory Birds in India,NA,,,,,,
Centre,K-12,CBSE,Class 7,Geography,English,Our Environment,1,Environment,Environment,https://community.ekstep.in/preview/content/do_31257982110777344029549, ,,C3,NA,NA,NA,https://diksha.gov.in/play/content/do_31257982112383795219823,https://diksha.gov.in/play/content/do_31257982111730073629550, ,"C5,C5",Reviewed ,"This is assessment Q, not sure how useful as practice content for student, can be useful for teacher"
Centre,K-12,CBSE,Class 7,Geography,English,Our Environment,1,Environment,Environment,,,,,Natural Environment,Natural Environment,NA,https://diksha.gov.in/play/content/do_31257982114406400019825, ,,C5,,
Centre,K-12,CBSE,Class 7,Geography,English,Our Environment,1,Environment,Environment,,,,,Natural Environment,Natural Environment,What is ecosystem?,https://diksha.gov.in/play/content/do_31257982117886361619826, ,,C5,,
Centre,K-12,CBSE,Class 7,Geography,English,Our Environment,1,Environment,Environment,,,,,Human Environment,Human Environment,NA,https://community.ekstep.in/preview/content/do_31257982123384012829554,https://community.ekstep.in/preview/content/do_31257982125314048019830, ,"C3,C5",Reviewed ,"This is assessment Q, not sure how useful as practice content for student, can be useful for teacher"
Centre,K-12,CBSE,Class 7,Geography,English,Our Environment,2,Inside Our Earth,Layers of the earth, ,https://diksha.gov.in/play/content/do_312463865956196352214425, ,C4,NA,NA,NA,,,,,Reviewed ,"C4 is correct, but this content is has both explanation and practice, so it is Combined"
Centre,K-12,CBSE,Class 7,Geography,English,Our Environment,2,Inside Our Earth,Layers of the earth, ,,,,Interior of the Earth,Interior of the Earth,NA,https://community.ekstep.in/preview/content/do_31257982128776806429558, ,,C3,,
Centre,K-12,CBSE,Class 7,Geography,English,Our Environment,2,Inside Our Earth,Layers of the earth, ,,,,Rocks and Minerals,Rocks and Minerals,NA,https://community.ekstep.in/preview/content/do_31257982135463116819835, ,,C5,,
Centre,K-12,CBSE,Class 7,Geography,English,Our Environment,3,Our Changing Earth,Earth Movements, ,,,,NA,NA,NA,,,,,,
Centre,K-12,CBSE,Class 7,Geography,English,Our Environment,3,Our Changing Earth,Earth Movements, ,,,,Earthquake,Earthquake Hits Bhuj,NA,https://diksha.gov.in/play/content/do_31257982138935705629562, ,,C5,Reviewed ,
Centre,K-12,CBSE,Class 7,Geography,English,Our Environment,3,Our Changing Earth,Earth Movements, ,,,,Earthquake Preparedness,Earthquake Preparedness,NA,,,,,,
Centre,K-12,CBSE,Class 7,Geography,English,Our Environment,3,Our Changing Earth,Earth Movements, ,,,,Major Land Forms,Land Forms,NA,,,,,,
Centre,K-12,CBSE,Class 7,Geography,English,Our Environment,3,Our Changing Earth,Earth Movements, ,,,,Major Land Forms,Land Forms,Work of a River,https://community.ekstep.in/preview/content/do_31257982145299251229566, ,,C1,,
Centre,K-12,CBSE,Class 7,Geography,English,Our Environment,3,Our Changing Earth,Earth Movements, ,,,,Major Land Forms,Land Forms,Work of Sea Waves,https://community.ekstep.in/preview/content/do_31257982149532876829568, ,,C1,Reviewed ,
Centre,K-12,CBSE,Class 7,Geography,English,Our Environment,3,Our Changing Earth,Earth Movements, ,,,,Major Land Forms,Land Forms,Work of Ice,https://community.ekstep.in/preview/content/do_31257982152976793629570, ,,C1,,
Centre,K-12,CBSE,Class 7,Geography,English,Our Environment,3,Our Changing Earth,Earth Movements, ,,,,Major Land Forms,Land Forms,Work of wind,https://community.ekstep.in/preview/content/do_31257982155152588819844, ,,C1,,
Centre,K-12,CBSE,Class 7,Geography,English,Our Environment,4,Air,Air,https://diksha.gov.in/play/content/do_31257982156670566419846, ,,C3,NA,NA,NA,,,,,Reviewed ,
Centre,K-12,CBSE,Class 7,Geography,English,Our Environment,4,Air,Air,,,,,Composition of the atmosphere,Composition of the atmosphere,NA,,,,,,
Centre,K-12,CBSE,Class 7,Geography,English,Our Environment,4,Air,Air,,,,,Structure of the atmosphere,Structure of the atmosphere,NA,https://community.ekstep.in/preview/content/do_31257982172572876829578, ,,C5,,
Centre,K-12,CBSE,Class 7,Geography,English,Our Environment,4,Air,Air,,,,,Weather and climate,Weather and climate,NA,https://diksha.gov.in/play/content/do_31257982173409280029579, ,,C5,,
Centre,K-12,CBSE,Class 7,Geography,English,Our Environment,4,Air,Air,,,,,Weather and climate,Weather and climate,Temperature,https://diksha.gov.in/play/content/do_31257982180628889619855, ,,C3,,
Centre,K-12,CBSE,Class 7,Geography,English,Our Environment,4,Air,Air,,,,,Weather and climate,Weather and climate,Air Pressure,,https://diksha.gov.in/play/content/do_31257982185362227219857, ,C5,Reviewed,"Ok, but very high for this grade"
Centre,K-12,CBSE,Class 7,Geography,English,Our Environment,4,Air,Air,,,,,Weather and climate,Weather and climate,Wind,https://diksha.gov.in/play/content/do_31257982188364595219859, ,,C3,Reviewed,
Centre,K-12,CBSE,Class 7,Geography,English,Our Environment,4,Air,Air,,,,,Cyclone – Nature’s Fury,Cyclone in Odisha,NA,https://diksha.gov.in/play/content/do_31257982193863884829591, ,,C3,,
Centre,K-12,CBSE,Class 7,Geography,English,Our Environment,4,Air,Air,,,,,Weather and climate,Weather and climate,Moisture,https://diksha.gov.in/play/content/do_31257982199085465629594, ,,C3,Reviewed,
Centre,K-12,CBSE,Class 7,Geography,English,Our Environment,5,Water,Water,https://diksha.gov.in/play/content/do_31257982202197606429596, ,,C3,NA,NA,NA,,,,,,
Centre,K-12,CBSE,Class 7,Geography,English,Our Environment,5,Water,Water,,,,,Distribution of water bodies,Distribution of water bodies,NA,https://diksha.gov.in/play/content/do_31257982203967078429598, ,,C5,,
Centre,K-12,CBSE,Class 7,Geography,English,Our Environment,5,Water,Water,,,,,Ocean circulation,Ocean circulation,NA,https://community.ekstep.in/preview/content/do_31257982207574835219864, ,,C5,,
Centre,K-12,CBSE,Class 7,Geography,English,Our Environment,5,Water,Water,,,,,Ocean circulation,Ocean circulation,Waves,https://community.ekstep.in/preview/content/do_31257982212233625629603, ,,C1,Reviewed,
Centre,K-12,CBSE,Class 7,Geography,English,Our Environment,5,Water,Water,,,,,Tsunami – The Earth’s Pandemonium,Tsunami in the Indian Ocean,NA,https://diksha.gov.in/play/content/do_31257982213161779229604, ,,C5,Reviewed,
Centre,K-12,CBSE,Class 7,Geography,English,Our Environment,5,Water,Water,,,,,Ocean circulation,Ocean circulation,Tides,https://community.ekstep.in/preview/content/do_31257982215680819229606, ,,C5,,
Centre,K-12,CBSE,Class 7,Geography,English,Our Environment,5,Water,Water,,,,,Ocean currents,Ocean currents,NA,https://diksha.gov.in/play/content/do_31257982219273830419867, ,,C5,Reviewed,
Centre,K-12,CBSE,Class 7,Geography,English,Our Environment,6,Natural Vegetation and Wild Life,Natural Vegetation and Wild Life, ,,,,NA,NA,NA,,,,,,
Centre,K-12,CBSE,Class 7,Geography,English,Our Environment,6,Natural Vegetation and Wild Life,Natural Vegetation and Wild Life, ,,,,Forests,Type of Forests,Tropical Evergreen Forests, ,,,,,
Centre,K-12,CBSE,Class 7,Geography,English,Our Environment,6,Natural Vegetation and Wild Life,Natural Vegetation and Wild Life, ,,,,Forests,Type of Forests,Tropical Deciduous Forests, ,,,,,
Centre,K-12,CBSE,Class 7,Geography,English,Our Environment,6,Natural Vegetation and Wild Life,Natural Vegetation and Wild Life, ,,,,Forests,Type of Forests,Temperate Evergreen Forests, ,,,,,
Centre,K-12,CBSE,Class 7,Geography,English,Our Environment,6,Natural Vegetation and Wild Life,Natural Vegetation and Wild Life, ,,,,Forests,Type of Forests,Temperate Deciduous Forests, ,,,,,
Centre,K-12,CBSE,Class 7,Geography,English,Our Environment,6,Natural Vegetation and Wild Life,Natural Vegetation and Wild Life, ,,,,Forests,Type of Forests,Mediterranean Vegetation, ,,,,,
Centre,K-12,CBSE,Class 7,Geography,English,Our Environment,6,Natural Vegetation and Wild Life,Natural Vegetation and Wild Life, ,,,,Forests,Type of Forests,Coniferous Forests, ,,,,,
Centre,K-12,CBSE,Class 7,Geography,English,Our Environment,6,Natural Vegetation and Wild Life,Natural Vegetation and Wild Life, ,,,,Grasslands,Grasslands,NA,,,,,,
Centre,K-12,CBSE,Class 7,Geography,English,Our Environment,7,"Human Environment-Settlement, Transport and Communication",Human Environment, ,,,,NA,NA,NA,,,,,,
Centre,K-12,CBSE,Class 7,Geography,English,Our Environment,7,"Human Environment-Settlement, Transport and Communication",Human Environment, ,,,,Transport,Transport,NA,,,,,,
Centre,K-12,CBSE,Class 7,Geography,English,Our Environment,7,"Human Environment-Settlement, Transport and Communication",Human Environment, ,,,,Roadways,Roadways,NA,,,,,,
Centre,K-12,CBSE,Class 7,Geography,English,Our Environment,7,"Human Environment-Settlement, Transport and Communication",Human Environment, ,,,,Railways,Railways,NA,,,,,,
Centre,K-12,CBSE,Class 7,Geography,English,Our Environment,7,"Human Environment-Settlement, Transport and Communication",Human Environment, ,,,,Waterways,Waterways,NA,,,,,,
Centre,K-12,CBSE,Class 7,Geography,English,Our Environment,7,"Human Environment-Settlement, Transport and Communication",Human Environment, ,,,,Airways,Airways,NA,,,,,,
Centre,K-12,CBSE,Class 7,Geography,English,Our Environment,7,"Human Environment-Settlement, Transport and Communication",Human Environment, ,,,,Communication,Communication,NA,,,,,,
Centre,K-12,CBSE,Class 7,Geography,English,Our Environment,8,"Human Environment Interactions, The Tropical and the Subtropical Region",Human Environment, ,,,,NA,NA,NA,,,,,,
Centre,K-12,CBSE,Class 7,Geography,English,Our Environment,8,"Human Environment Interactions, The Tropical and the Subtropical Region",Human Environment, ,,,,Life in the amazon basin,Amazon basin,NA,,,,,,
Centre,K-12,CBSE,Class 7,Geography,English,Our Environment,8,"Human Environment Interactions, The Tropical and the Subtropical Region",Human Environment, ,,,,Climate,Climate,NA,,,,,,
Centre,K-12,CBSE,Class 7,Geography,English,Our Environment,8,"Human Environment Interactions, The Tropical and the Subtropical Region",Human Environment, ,,,,Rainforests,Rainforests,NA,,,,,,
Centre,K-12,CBSE,Class 7,Geography,English,Our Environment,8,"Human Environment Interactions, The Tropical and the Subtropical Region",Human Environment, ,,,,People of the rainforests,People of the rainforests,NA,,,,,,
Centre,K-12,CBSE,Class 7,Geography,English,Our Environment,8,"Human Environment Interactions, The Tropical and the Subtropical Region",Human Environment, ,,,,Life in the ganga-brahmaputra basin,Ganga brahmaputra basin,NA,,,,,,
Centre,K-12,CBSE,Class 7,Geography,English,Our Environment,8,"Human Environment Interactions, The Tropical and the Subtropical Region",Human Environment, ,,,,Lake: A source of livelihood,Lake,NA,,,,,,
Centre,K-12,CBSE,Class 7,Geography,English,Our Environment,9,Life in the Temperate Grasslands,Temperate Grasslands, ,,,,NA,NA,NA,,,,,,
Centre,K-12,CBSE,Class 7,Geography,English,Our Environment,9,Life in the Temperate Grasslands,Temperate Grasslands, ,,,,The Prairies,Prairies,NA,,,,,,
Centre,K-12,CBSE,Class 7,Geography,English,Our Environment,9,Life in the Temperate Grasslands,Temperate Grasslands, ,,,,Climate,Climate,NA,,,,,,
Centre,K-12,CBSE,Class 7,Geography,English,Our Environment,9,Life in the Temperate Grasslands,Temperate Grasslands, ,,,,Flora and fauna,Flora and fauna,NA,,,,,,
Centre,K-12,CBSE,Class 7,Geography,English,Our Environment,9,Life in the Temperate Grasslands,Temperate Grasslands, ,,,,People,People,NA,,,,,,
Centre,K-12,CBSE,Class 7,Geography,English,Our Environment,9,Life in the Temperate Grasslands,Temperate Grasslands, ,,,,The Velds,Velds,NA,,,,,,
Centre,K-12,CBSE,Class 7,Geography,English,Our Environment,9,Life in the Temperate Grasslands,Temperate Grasslands, ,,,,Climate,Climate,NA,,,,,,
Centre,K-12,CBSE,Class 7,Geography,English,Our Environment,9,Life in the Temperate Grasslands,Temperate Grasslands, ,,,,Flora and Fauna,Flora and Fauna,NA,,,,,,
Centre,K-12,CBSE,Class 7,Geography,English,Our Environment,9,Life in the Temperate Grasslands,Temperate Grasslands, ,,,,People,People,NA,,,,,,
Centre,K-12,CBSE,Class 7,Geography,English,Our Environment,10,Life in the Deserts,Deserts,,,,,NA,NA,NA,,,,,,
Centre,K-12,CBSE,Class 7,Geography,English,Our Environment,10,Life in the Deserts,Deserts,,,,,The Hot Desert – Sahara,Sahara Desert,NA,,,,,,
Centre,K-12,CBSE,Class 7,Geography,English,Our Environment,10,Life in the Deserts,Deserts,,,,,The Hot Desert – Sahara,Sahara Desert,Climate,,,,,,
Centre,K-12,CBSE,Class 7,Geography,English,Our Environment,10,Life in the Deserts,Deserts,,,,,The Hot Desert – Sahara,Sahara Desert,Flora and Fauna,,,,,,
Centre,K-12,CBSE,Class 7,Geography,English,Our Environment,10,Life in the Deserts,Deserts,,,,,The Hot Desert – Sahara,Sahara Desert,People,,,,,,
Centre,K-12,CBSE,Class 7,Geography,English,Our Environment,10,Life in the Deserts,Deserts,,,,,The Cold Desert - Ladakh,"Ladakh, Cold Desert",NA,,,,,,
Centre,K-12,CBSE,Class 7,Geography,English,Our Environment,10,Life in the Deserts,Deserts,,,,,The Cold Desert - Ladakh,"Ladakh, Cold Desert",Flora and Fauna,,,,,,
Centre,K-12,CBSE,Class 7,Geography,English,Our Environment,10,Life in the Deserts,Deserts,,,,,The Cold Desert - Ladakh,"Ladakh, Cold Desert",People,,,,,,
Centre,K-12,CBSE,Class 8,Geography,English,Resources and Development,1,Resources,Resources,,,,,NA,NA,NA,https://diksha.gov.in/play/content/do_31257982223148646419869, ,,C5,Reviewed ,
Centre,K-12,CBSE,Class 8,Geography,English,Resources and Development,1,Resources,Resources,,,,,Types of Resources,Types of Resources,NA,https://community.ekstep.in/preview/content/do_31257982232344166429611, ,,C3,Reviewed ,
Centre,K-12,CBSE,Class 8,Geography,English,Resources and Development,1,Resources,Resources,,,,,Types of Resources,Types of Resources,Natural Resources,https://diksha.gov.in/play/content/do_31257982233635225619873, ,,C5,,
Centre,K-12,CBSE,Class 8,Geography,English,Resources and Development,1,Resources,Resources,,,,,Types of Resources,Types of Resources,Human Made Resources, , ,,,,
Centre,K-12,CBSE,Class 8,Geography,English,Resources and Development,1,Resources,Resources,,,,,Types of Resources,Types of Resources,Human Resources,https://diksha.gov.in/play/content/do_31257982242507980829618, ,,C3 covered 2 topics,,
Centre,K-12,CBSE,Class 8,Geography,English,Resources and Development,1,Resources,Resources,,,,,Conserving Resources,Conserving Resources,NA,https://community.ekstep.in/preview/content/do_31257982244631347219877, ,,C1,,
Centre,K-12,CBSE,Class 8,Geography,English,Resources and Development,2,"Land, Soil, Water, Natural Vegetation and Wildlife Resources","Land, Soil, Water, Natural Vegetation and Wildlife Resources",https://diksha.gov.in/play/content/do_31257982248460288029622, ,,C3,NA,NA,NA,, ,,,,
Centre,K-12,CBSE,Class 8,Geography,English,Resources and Development,2,"Land, Soil, Water, Natural Vegetation and Wildlife Resources","Land, Soil, Water, Natural Vegetation and Wildlife Resources", ,,,,Land,Land,NA,https://community.ekstep.in/preview/content/do_31257982251626496019878, ,,C5,,
Centre,K-12,CBSE,Class 8,Geography,English,Resources and Development,2,"Land, Soil, Water, Natural Vegetation and Wildlife Resources","Land, Soil, Water, Natural Vegetation and Wildlife Resources", ,,,,Land Use,Use of Land,NA,https://diksha.gov.in/play/content/do_31257982254033305629625, ,,C5,,
Centre,K-12,CBSE,Class 8,Geography,English,Resources and Development,2,"Land, Soil, Water, Natural Vegetation and Wildlife Resources","Land, Soil, Water, Natural Vegetation and Wildlife Resources", ,,,,Conservation of Land Resource,Conservation of Land Resource,NA,, ,,,,
Centre,K-12,CBSE,Class 8,Geography,English,Resources and Development,2,"Land, Soil, Water, Natural Vegetation and Wildlife Resources","Land, Soil, Water, Natural Vegetation and Wildlife Resources", ,,,,Conservation of Land Resource,Conservation of Land Resource,Landslides,https://diksha.gov.in/play/content/do_31257982259163136019879, ,,C5,,
Centre,K-12,CBSE,Class 8,Geography,English,Resources and Development,2,"Land, Soil, Water, Natural Vegetation and Wildlife Resources","Land, Soil, Water, Natural Vegetation and Wildlife Resources", ,,,,Soil,Soil,NA,https://diksha.gov.in/play/content/do_31257982263420518419882, ,,C1,,
Centre,K-12,CBSE,Class 8,Geography,English,Resources and Development,2,"Land, Soil, Water, Natural Vegetation and Wildlife Resources","Land, Soil, Water, Natural Vegetation and Wildlife Resources", ,,,,Factors of Soil Formation,Factors of Soil Formation,NA,https://diksha.gov.in/play/content/do_31257982265895321629631, ,,C1,,
Centre,K-12,CBSE,Class 8,Geography,English,Resources and Development,2,"Land, Soil, Water, Natural Vegetation and Wildlife Resources","Land, Soil, Water, Natural Vegetation and Wildlife Resources", ,,,,Degradation of Soil and Conservation Measures,Degradation of Soil and Conservation Measures,NA,, ,,,,
Centre,K-12,CBSE,Class 8,Geography,English,Resources and Development,2,"Land, Soil, Water, Natural Vegetation and Wildlife Resources","Land, Soil, Water, Natural Vegetation and Wildlife Resources", ,,,,Water,Water,NA,https://diksha.gov.in/play/content/do_31257982270434508819884, ,,C5,Reviewed ,"25 pg of Wiki source, may be good as teacher resource"
Centre,K-12,CBSE,Class 8,Geography,English,Resources and Development,2,"Land, Soil, Water, Natural Vegetation and Wildlife Resources","Land, Soil, Water, Natural Vegetation and Wildlife Resources", ,,,,Problems of Water Availability,Water Scarcity,NA,https://community.ekstep.in/preview/content/do_31257982273871052829636, ,,C1,Reviewed ,
Centre,K-12,CBSE,Class 8,Geography,English,Resources and Development,2,"Land, Soil, Water, Natural Vegetation and Wildlife Resources","Land, Soil, Water, Natural Vegetation and Wildlife Resources", ,,,,Conservation of Water Resources,Conservation of Water Resources,NA,https://diksha.gov.in/play/content/do_31257982276080435219886, ,,C5,Reviewed ,
Centre,K-12,CBSE,Class 8,Geography,English,Resources and Development,2,"Land, Soil, Water, Natural Vegetation and Wildlife Resources","Land, Soil, Water, Natural Vegetation and Wildlife Resources", ,,,,Natural Vegetation and Wildlife,Natural Vegetation and Wildlife,NA,,,,,,
Centre,K-12,CBSE,Class 8,Geography,English,Resources and Development,2,"Land, Soil, Water, Natural Vegetation and Wildlife Resources","Land, Soil, Water, Natural Vegetation and Wildlife Resources", ,,,,Distribution of Natural Vegetation,Distribution of Natural Vegetation,NA,https://community.ekstep.in/preview/content/do_31257982283794022419890, ,,C1,,
Centre,K-12,CBSE,Class 8,Geography,English,Resources and Development,2,"Land, Soil, Water, Natural Vegetation and Wildlife Resources","Land, Soil, Water, Natural Vegetation and Wildlife Resources", ,,,,Conservation of Natural Vegetation and Wildlife,Conservation of Natural Vegetation and Wildlife,NA,https://community.ekstep.in/preview/content/do_31257982286842265629640, ,,C1,,
Centre,K-12,CBSE,Class 8,Geography,English,Resources and Development,3,Mineral and Power Resources,Mineral and Power Resources,https://diksha.gov.in/play/content/do_31257982288601088019892,https://diksha.gov.in/play/content/do_31250241028780851211310, ,"C3,C4",NA,NA,NA,,,,,Reviewed ,
Centre,K-12,CBSE,Class 8,Geography,English,Resources and Development,3,Mineral and Power Resources,Mineral and Power Resources, ,,,,Types of Minerals,Types of Minerals,NA,https://diksha.gov.in/play/content/do_31257982293673574429645, ,,C1,Reviewed ,
Centre,K-12,CBSE,Class 8,Geography,English,Resources and Development,3,Mineral and Power Resources,Mineral and Power Resources, ,,,,Distribution of Minerals,Distribution of Minerals,NA,https://diksha.gov.in/play/content/do_31257982296272076829647, ,,C1,Reviewed ,
Centre,K-12,CBSE,Class 8,Geography,English,Resources and Development,3,Mineral and Power Resources,Mineral and Power Resources, ,,,,Asia,Distribution of minerals : Asia,NA,,,,,,
Centre,K-12,CBSE,Class 8,Geography,English,Resources and Development,3,Mineral and Power Resources,Mineral and Power Resources, ,,,,Europe,Distribution of minerals : Europe,NA,,,,,,
Centre,K-12,CBSE,Class 8,Geography,English,Resources and Development,3,Mineral and Power Resources,Mineral and Power Resources, ,,,,North America,Distribution of minerals : North America,NA,,,,,,
Centre,K-12,CBSE,Class 8,Geography,English,Resources and Development,3,Mineral and Power Resources,Mineral and Power Resources, ,,,,South America,Distribution of minerals : South America,NA,,,,,,
Centre,K-12,CBSE,Class 8,Geography,English,Resources and Development,3,Mineral and Power Resources,Mineral and Power Resources, ,,,,Africa,Distribution of minerals : Africa,NA,,,,,,
Centre,K-12,CBSE,Class 8,Geography,English,Resources and Development,3,Mineral and Power Resources,Mineral and Power Resources, ,,,,Australia,Distribution of minerals : Australia,NA,,,,,,
Centre,K-12,CBSE,Class 8,Geography,English,Resources and Development,3,Mineral and Power Resources,Mineral and Power Resources, ,,,,Antarctica,Distribution of minerals : Antarctica,NA,,,,,,
Centre,K-12,CBSE,Class 8,Geography,English,Resources and Development,3,Mineral and Power Resources,Mineral and Power Resources, ,,,,Distribution in India,Distribution of minerals in India,NA,https://diksha.gov.in/play/content/do_31257982304385433629650, ,,C1,Reviewed ,
Centre,K-12,CBSE,Class 8,Geography,English,Resources and Development,3,Mineral and Power Resources,Mineral and Power Resources, ,,,,Distribution in India,Distribution of minerals in India,Iron,https://diksha.gov.in/play/content/do_31257982308181606419902, ,,C3,,
Centre,K-12,CBSE,Class 8,Geography,English,Resources and Development,3,Mineral and Power Resources,Mineral and Power Resources, ,,,,Distribution in India,Distribution of minerals in India,Bauxite,https://diksha.gov.in/play/content/do_31257982309244108819903, ,,C5,,
Centre,K-12,CBSE,Class 8,Geography,English,Resources and Development,3,Mineral and Power Resources,Mineral and Power Resources, ,,,,Distribution in India,Distribution of minerals in India,Mica,https://diksha.gov.in/play/content/do_31257982313084518419905, ,,C3,,
Centre,K-12,CBSE,Class 8,Geography,English,Resources and Development,3,Mineral and Power Resources,Mineral and Power Resources, ,,,,Distribution in India,Distribution of minerals in India,Copper,https://diksha.gov.in/play/content/do_31257982314001203229652, ,,C5,,
Centre,K-12,CBSE,Class 8,Geography,English,Resources and Development,3,Mineral and Power Resources,Mineral and Power Resources, ,,,,Distribution in India,Distribution of minerals in India,Manganese,https://community.ekstep.in/preview/content/do_31257982317654016019906, ,,C5,Reviewed ,"This wiki resource is bit high for this grade, can be used as teacher resource"
Centre,K-12,CBSE,Class 8,Geography,English,Resources and Development,3,Mineral and Power Resources,Mineral and Power Resources, ,,,,Distribution in India,Distribution of minerals in India,Limestone,https://community.ekstep.in/preview/content/do_31257982320252518419908, ,,C5,,
Centre,K-12,CBSE,Class 8,Geography,English,Resources and Development,3,Mineral and Power Resources,Mineral and Power Resources, ,,,,Distribution in India,Distribution of minerals in India,Gold,https://community.ekstep.in/preview/content/do_31257982322464358429657, ,,C5,Reviewed ,"This wiki resource is bit high for this grade, can be used as teacher resource"
Centre,K-12,CBSE,Class 8,Geography,English,Resources and Development,3,Mineral and Power Resources,Mineral and Power Resources, ,,,,Distribution in India,Distribution of minerals in India,Salt,https://community.ekstep.in/preview/content/do_31257982325103820819909, ,,C5,,
Centre,K-12,CBSE,Class 8,Geography,English,Resources and Development,3,Mineral and Power Resources,Mineral and Power Resources, ,,,,Uses of Minerals,Uses of Minerals,NA,https://diksha.gov.in/play/content/do_31257982326483353619910, ,,C1,Reviewed ,
Centre,K-12,CBSE,Class 8,Geography,English,Resources and Development,3,Mineral and Power Resources,Mineral and Power Resources, ,,,,Conservation of Minerals,Conservation of Minerals,NA,https://diksha.gov.in/play/content/do_31257982334047846419915, ,,C1,,
Centre,K-12,CBSE,Class 8,Geography,English,Resources and Development,3,Mineral and Power Resources,Mineral and Power Resources, ,,,,Power Resources,Power Resources,NA,,,,,,
Centre,K-12,CBSE,Class 8,Geography,English,Resources and Development,3,Mineral and Power Resources,Mineral and Power Resources, ,,,,Power Resources,Power Resources,Conventional Sources, ,,,,,
Centre,K-12,CBSE,Class 8,Geography,English,Resources and Development,3,Mineral and Power Resources,Mineral and Power Resources, ,,,,Power Resources,Power Resources,Firewood,https://diksha.gov.in/play/content/do_31257982339603660829665, ,,C5,,
Centre,K-12,CBSE,Class 8,Geography,English,Resources and Development,3,Mineral and Power Resources,Mineral and Power Resources, ,,,,Power Resources,Power Resources,Coal,https://community.ekstep.in/preview/content/do_31257982340939776029666, ,,C5,Reviewed ,"This wiki resource is bit high for this grade, can be used as teacher resource"
Centre,K-12,CBSE,Class 8,Geography,English,Resources and Development,3,Mineral and Power Resources,Mineral and Power Resources, ,,,,Power Resources,Power Resources,Petroleum,https://diksha.gov.in/play/content/do_31257982345006284829668, ,,C1,Reviewed ,
Centre,K-12,CBSE,Class 8,Geography,English,Resources and Development,3,Mineral and Power Resources,Mineral and Power Resources, ,,,,Power Resources,Power Resources,Natural Gas,https://diksha.gov.in/play/content/do_31257982345890201629669, ,,C5,,
Centre,K-12,CBSE,Class 8,Geography,English,Resources and Development,3,Mineral and Power Resources,Mineral and Power Resources, ,,,,Power Resources,Power Resources,Hydel Power,https://community.ekstep.in/preview/content/do_31257982348643532829671, ,,C5,,
Centre,K-12,CBSE,Class 8,Geography,English,Resources and Development,3,Mineral and Power Resources,Mineral and Power Resources, ,,,,Non-conventional Sources of Energy,Non-conventional Sources of Energy,NA,,,,,,
Centre,K-12,CBSE,Class 8,Geography,English,Resources and Development,3,Mineral and Power Resources,Mineral and Power Resources, ,,,,Non-conventional Sources of Energy,Non-conventional Sources of Energy,Solar energy,,,,,,
Centre,K-12,CBSE,Class 8,Geography,English,Resources and Development,3,Mineral and Power Resources,Mineral and Power Resources, ,,,,Non-conventional Sources of Energy,Non-conventional Sources of Energy,Wind Energy,https://diksha.gov.in/play/content/do_31257982359810048019922, ,,C5,,
Centre,K-12,CBSE,Class 8,Geography,English,Resources and Development,3,Mineral and Power Resources,Mineral and Power Resources, ,,,,Non-conventional Sources of Energy,Non-conventional Sources of Energy,Nuclear Power,https://diksha.gov.in/play/content/do_31257982362225868829678, ,,C5,,
Centre,K-12,CBSE,Class 8,Geography,English,Resources and Development,3,Mineral and Power Resources,Mineral and Power Resources, ,,,,Non-conventional Sources of Energy,Non-conventional Sources of Energy,Geothermal Energy,https://diksha.gov.in/play/content/do_31257982367540838419927, ,,C5,,
Centre,K-12,CBSE,Class 8,Geography,English,Resources and Development,3,Mineral and Power Resources,Mineral and Power Resources, ,,,,Non-conventional Sources of Energy,Non-conventional Sources of Energy,Tidal Energy,https://diksha.gov.in/play/content/do_31257982369027686429680, ,,C5,,
Centre,K-12,CBSE,Class 8,Geography,English,Resources and Development,3,Mineral and Power Resources,Mineral and Power Resources, ,,,,Non-conventional Sources of Energy,Non-conventional Sources of Energy,Biogas,https://diksha.gov.in/play/content/do_31257982372296294419928, ,,C5,,
Centre,K-12,CBSE,Class 8,Geography,English,Resources and Development,4,Agriculture,Agriculture,,,,,NA,NA,NA,,,,,,
Centre,K-12,CBSE,Class 8,Geography,English,Resources and Development,4,Agriculture,Agriculture,,,,,Farm System,System of Farming,NA,https://community.ekstep.in/preview/content/do_312593185123123200222872, ,,C3,Reviewed ,
Centre,K-12,CBSE,Class 8,Geography,English,Resources and Development,4,Agriculture,Agriculture,,,,,Types Of Farming,Types of Farming,NA,https://community.ekstep.in/preview/content/do_312593202250989568222892, ,,C3,Reviewed ,
Centre,K-12,CBSE,Class 8,Geography,English,Resources and Development,4,Agriculture,Agriculture,,,,,Types Of Farming,Types of Farming,Subsistence Farming, ,,,,,
Centre,K-12,CBSE,Class 8,Geography,English,Resources and Development,4,Agriculture,Agriculture,,,,,Types Of Farming,Types of Farming,Commercial Farming, ,,,,,
Centre,K-12,CBSE,Class 8,Geography,English,Resources and Development,4,Agriculture,Agriculture,,,,,Types Of Farming,Types of Farming,Major Crops,https://community.ekstep.in/preview/content/do_312593171904544768222861, ,,C3,Reviewed ,
Centre,K-12,CBSE,Class 8,Geography,English,Resources and Development,4,Agriculture,Agriculture,,,,,Types Of Farming,Types of Farming,Rice,,,,,,
Centre,K-12,CBSE,Class 8,Geography,English,Resources and Development,4,Agriculture,Agriculture,,,,,Types Of Farming,Types of Farming,Wheat,,,,,,
Centre,K-12,CBSE,Class 8,Geography,English,Resources and Development,4,Agriculture,Agriculture,,,,,Types Of Farming,Types of Farming,Millets,,,,,,
Centre,K-12,CBSE,Class 8,Geography,English,Resources and Development,4,Agriculture,Agriculture,,,,,Types Of Farming,Types of Farming,Maize,,,,,,
Centre,K-12,CBSE,Class 8,Geography,English,Resources and Development,4,Agriculture,Agriculture,,,,,Types Of Farming,Types of Farming,Cotton,,,,,,
Centre,K-12,CBSE,Class 8,Geography,English,Resources and Development,4,Agriculture,Agriculture,,,,,Types Of Farming,Types of Farming,Jute,,,,,,
Centre,K-12,CBSE,Class 8,Geography,English,Resources and Development,4,Agriculture,Agriculture,,,,,Types Of Farming,Types of Farming,Tea,,,,,,
Centre,K-12,CBSE,Class 8,Geography,English,Resources and Development,4,Agriculture,Agriculture,,,,,Types Of Farming,Types of Farming,Coffee,,,,,,
Centre,K-12,CBSE,Class 8,Geography,English,Resources and Development,4,Agriculture,Agriculture,,,,,Agricultural Development,Agricultural Development,NA,,,,,,
Centre,K-12,CBSE,Class 8,Geography,English,Resources and Development,4,Agriculture,Agriculture,,,,,Agricultural Development,Agricultural Development,A Farm in India,https://community.ekstep.in/preview/content/do_312593175714299904222864, ,,C3,,
Centre,K-12,CBSE,Class 8,Geography,English,Resources and Development,4,Agriculture,Agriculture,,,,,Agricultural Development,Agricultural Development,A Farm in the USA, ,,,,,
Centre,K-12,CBSE,Class 8,Geography,English,Resources and Development,5,Industries,Industries,,,,,NA,NA,NA,,,,,,
Centre,K-12,CBSE,Class 8,Geography,English,Resources and Development,5,Industries,Industries,,,,,Classification Of Industries,Classification of Industries,NA,,,,,,
Centre,K-12,CBSE,Class 8,Geography,English,Resources and Development,5,Industries,Industries,,,,,Classification Of Industries,Classification of Industries,Raw Materials,,,,,,
Centre,K-12,CBSE,Class 8,Geography,English,Resources and Development,5,Industries,Industries,,,,,Classification Of Industries,Classification of Industries,Size,,,,,,
Centre,K-12,CBSE,Class 8,Geography,English,Resources and Development,5,Industries,Industries,,,,,Classification Of Industries,Classification of Industries,Ownership,,,,,,
Centre,K-12,CBSE,Class 8,Geography,English,Resources and Development,5,Industries,Industries,,,,,Factors Affecting Location of Industries,Factors Affecting Location of Industries,NA,,,,,,
Centre,K-12,CBSE,Class 8,Geography,English,Resources and Development,5,Industries,Industries,,,,,Industrial System,Industrial System,NA,,,,,,
Centre,K-12,CBSE,Class 8,Geography,English,Resources and Development,5,Industries,Industries,,,,,Industrial Regions,Industrial Regions,NA,,,,,,
Centre,K-12,CBSE,Class 8,Geography,English,Resources and Development,5,Industries,Industries,,,,,Industrial Disaster,Industrial Disaster,NA,,,,,,
Centre,K-12,CBSE,Class 8,Geography,English,Resources and Development,5,Industries,Industries,,,,,Distribution of Major Industries,Distribution of Major Industries,NA,,,,,,
Centre,K-12,CBSE,Class 8,Geography,English,Resources and Development,5,Industries,Industries,,,,,Iron and Steel Industry,Iron and Steel Industry,NA,,,,,,
Centre,K-12,CBSE,Class 8,Geography,English,Resources and Development,5,Industries,Industries,,,,,Iron and Steel Industry,Iron and Steel Industry,Jamshedpur,,,,,,
Centre,K-12,CBSE,Class 8,Geography,English,Resources and Development,5,Industries,Industries,,,,,Iron and Steel Industry,Iron and Steel Industry,Pittsburgh,,,,,,
Centre,K-12,CBSE,Class 8,Geography,English,Resources and Development,5,Industries,Industries,,,,,Cotton Textile Industry,Cotton Textile Industry,NA,,,,,,
Centre,K-12,CBSE,Class 8,Geography,English,Resources and Development,5,Industries,Industries,,,,,Cotton Textile Industry,Cotton Textile Industry,Ahmedabad,,,,,,
Centre,K-12,CBSE,Class 8,Geography,English,Resources and Development,5,Industries,Industries,,,,,Cotton Textile Industry,Cotton Textile Industry,Osaka,,,,,,
Centre,K-12,CBSE,Class 8,Geography,English,Resources and Development,5,Industries,Industries,,,,,Information Technology (IT),Information Technology (IT),NA,,,,,,
Centre,K-12,CBSE,Class 8,Geography,English,Resources and Development,6,Human Resources,Human Resources, ,,,,NA,NA,NA,https://diksha.gov.in/play/content/do_31257982241225113629617, ,,C5,,
Centre,K-12,CBSE,Class 8,Geography,English,Resources and Development,6,Human Resources,Human Resources, ,,,,Distribution of Population,Distribution of Population,NA, ,,, ,,
Centre,K-12,CBSE,Class 8,Geography,English,Resources and Development,6,Human Resources,Human Resources, ,,,,Density of Population,Density of Population,NA,,,,,,
Centre,K-12,CBSE,Class 8,Geography,English,Resources and Development,6,Human Resources,Human Resources, ,,,,Factors Affecting Distribution of Population,Factors affecting distribution of Population,Geographical Factors, ,,,,,
Centre,K-12,CBSE,Class 8,Geography,English,Resources and Development,6,Human Resources,Human Resources, ,,,,Factors Affecting Distribution of Population,Factors affecting distribution of Population,"Social, Cultural and Economic Factors", ,,,,,
Centre,K-12,CBSE,Class 8,Geography,English,Resources and Development,6,Human Resources,Human Resources, ,,,,Population Change,Population Change,NA,,,,,,
Centre,K-12,CBSE,Class 8,Geography,English,Resources and Development,6,Human Resources,Human Resources, ,,,,Patterns of Population Change,Patterns of Population Change,NA,,,,,,
Centre,K-12,CBSE,Class 8,Geography,English,Resources and Development,6,Human Resources,Human Resources, ,,,,Population Composition,Population Composition,NA,,,,,,
Centre,K-12,CBSE,Class 9,Geography,English,Contemporary India - I,1,India – Size and Location,Size and Location of India,https://diksha.gov.in/play/content/do_31257982375720550429683, ,,C3,NA,NA,NA,,,,,,
Centre,K-12,CBSE,Class 9,Geography,English,Contemporary India - I,1,India – Size and Location,Size and Location of India, ,,,,Location,Location of India,NA,https://community.ekstep.in/preview/content/do_31257982380544819219932, ,,C3,,
Centre,K-12,CBSE,Class 9,Geography,English,Contemporary India - I,1,India – Size and Location,Size and Location of India, ,,,,Size,Size of India,NA, ,,, ,,
Centre,K-12,CBSE,Class 9,Geography,English,Contemporary India - I,1,India – Size and Location,Size and Location of India, ,,,,India and the World,India and the World,NA,https://diksha.gov.in/play/content/do_31257982383116288029688, ,,C5,,
,,,,,,,,,,,,,,,,,https://diksha.gov.in/play/content/do_31257982384840704029689, ,,C5,,
Centre,K-12,CBSE,Class 9,Geography,English,Contemporary India - I,1,India – Size and Location,Size and Location of India, ,,,,India’s Neighbours,India’s Neighbours,NA,https://diksha.gov.in/play/content/do_31257982386145689629690, ,,C3,,
Centre,K-12,CBSE,Class 9,Geography,English,Contemporary India - I,2,Physical Features of India,Physical Features of India,https://diksha.gov.in/play/content/do_31257982388459110429692,https://diksha.gov.in/play/content/do_312499748331233280210067, ,"C3,C4",NA,NA,NA,,,,,Reviewed ,
Centre,K-12,CBSE,Class 9,Geography,English,Contemporary India - I,2,Physical Features of India,Physical Features of India, ,,,,Major Physiographic Divisions,Physiographic Divisions of India,NA,, ,, ,,
Centre,K-12,CBSE,Class 9,Geography,English,Contemporary India - I,2,Physical Features of India,Physical Features of India, ,,,,Major Physiographic Divisions,Physiographic Divisions of India,The Himalayan Mountains,https://diksha.gov.in/play/content/do_31257982395606630429694, ,,C5,Reviewed ,
Centre,K-12,CBSE,Class 9,Geography,English,Contemporary India - I,2,Physical Features of India,Physical Features of India, ,,,,Major Physiographic Divisions,Physiographic Divisions of India,The Northern Plain,https://community.ekstep.in/preview/content/do_31257982402565734429700, ,,C1,Reviewed ,
Centre,K-12,CBSE,Class 9,Geography,English,Contemporary India - I,2,Physical Features of India,Physical Features of India, ,,,,Major Physiographic Divisions,Physiographic Divisions of India,The Peninsular Plateau,https://diksha.gov.in/play/content/do_31257982409217638429704, ,,C3,Reviewed ,
Centre,K-12,CBSE,Class 9,Geography,English,Contemporary India - I,2,Physical Features of India,Physical Features of India, ,,,,Major Physiographic Divisions,Physiographic Divisions of India,The Indian Desert,https://community.ekstep.in/preview/content/do_31257982415232204829706, ,,C1,,
Centre,K-12,CBSE,Class 9,Geography,English,Contemporary India - I,2,Physical Features of India,Physical Features of India, ,,,,Major Physiographic Divisions,Physiographic Divisions of India,The Coastal Plains,https://community.ekstep.in/preview/content/do_31257982421891481629710, ,,C3,Reviewed ,
Centre,K-12,CBSE,Class 9,Geography,English,Contemporary India - I,2,Physical Features of India,Physical Features of India, ,,,,Major Physiographic Divisions,Physiographic Divisions of India,The Islands,https://diksha.gov.in/play/content/do_31257982422880256029711, ,,C3,,
Centre,K-12,CBSE,Class 9,Geography,English,Contemporary India - I,3,Drainage,Drainage in India,https://diksha.gov.in/play/content/do_31257982429937664019948, ,,C3,NA,NA,NA,,,,,Reviewed ,
Centre,K-12,CBSE,Class 9,Geography,English,Contemporary India - I,3,Drainage,Drainage in India,,,,,Drainage Systems in India,Drainage Systems in India,NA,https://diksha.gov.in/play/content/do_31257982431535104019950, ,,C3,Reviewed ,
Centre,K-12,CBSE,Class 9,Geography,English,Contemporary India - I,3,Drainage,Drainage in India,,,,,Drainage Systems in India,Drainage Systems in India,Drainage Patterns,https://diksha.gov.in/play/content/do_31257982433456947219952, ,,C1,Reviewed ,
Centre,K-12,CBSE,Class 9,Geography,English,Contemporary India - I,3,Drainage,Drainage in India,,,,,The Himalayan Rivers,Himalayan Rivers,NA,https://community.ekstep.in/preview/content/do_31257982439908147219954, ,,C3,,
Centre,K-12,CBSE,Class 9,Geography,English,Contemporary India - I,3,Drainage,Drainage in India,, ,,,The Himalayan Rivers,Himalayan Rivers,The Indus River System,https://diksha.gov.in/play/content/do_31257982442745856019956, ,,C3,,
Centre,K-12,CBSE,Class 9,Geography,English,Contemporary India - I,3,Drainage,Drainage in India,,,,,The Himalayan Rivers,Himalayan Rivers,The Ganga River System,https://diksha.gov.in/play/content/do_31257982448679321629723, ,,C3,,
Centre,K-12,CBSE,Class 9,Geography,English,Contemporary India - I,3,Drainage,Drainage in India,,,,,The Himalayan Rivers,Himalayan Rivers,The Brahmaputra River System,https://diksha.gov.in/play/content/do_31257982452386201619959, ,,C3,,
Centre,K-12,CBSE,Class 9,Geography,English,Contemporary India - I,3,Drainage,Drainage in India,,,,,The Peninsular Rivers,Peninsular Rivers of India,NA,https://diksha.gov.in/play/content/do_31257982454060646419961, , ,C3,,
Centre,K-12,CBSE,Class 9,Geography,English,Contemporary India - I,3,Drainage,Drainage in India,,,,,The Peninsular Rivers,Peninsular Rivers of India,The Narmada Basin,https://community.ekstep.in/preview/content/do_31257982458603110419965, ,,C5,Reviewed ,
Centre,K-12,CBSE,Class 9,Geography,English,Contemporary India - I,3,Drainage,Drainage in India,,,,,The Peninsular Rivers,Peninsular Rivers of India,The Tapi Basin,https://community.ekstep.in/preview/content/do_31257982461946265629727, , ,C5,,
Centre,K-12,CBSE,Class 9,Geography,English,Contemporary India - I,3,Drainage,Drainage in India,,,,,The Peninsular Rivers,Peninsular Rivers of India,The Godavari Basin,https://diksha.gov.in/play/content/do_31257982467742105629729, ,,C3,,
Centre,K-12,CBSE,Class 9,Geography,English,Contemporary India - I,3,Drainage,Drainage in India,,,,,The Peninsular Rivers,Peninsular Rivers of India,The Mahanadi Basin,https://diksha.gov.in/play/content/do_31257982471120486419971, ,,C3,Reviewed ,
Centre,K-12,CBSE,Class 9,Geography,English,Contemporary India - I,3,Drainage,Drainage in India,,,,,The Peninsular Rivers,Peninsular Rivers of India,The Krishna Basin,https://diksha.gov.in/play/content/do_31257982474497228829732, ,,C3,,
Centre,K-12,CBSE,Class 9,Geography,English,Contemporary India - I,3,Drainage,Drainage in India,,,,,The Peninsular Rivers,Peninsular Rivers of India,The Kaveri Basin,https://community.ekstep.in/preview/content/do_31257982475334451229733, ,,C5,Reviewed ,
Centre,K-12,CBSE,Class 9,Geography,English,Contemporary India - I,3,Drainage,Drainage in India,,,,,Lakes,Lakes of India,NA,https://diksha.gov.in/play/content/do_31257982480442982429736, ,,C3,,
Centre,K-12,CBSE,Class 9,Geography,English,Contemporary India - I,3,Drainage,Drainage in India,,,,,Role of Rivers in the Economy,Role of Rivers in the Economy,NA,https://diksha.gov.in/play/content/do_31257982481667686419973, ,,C3,Reviewed ,
Centre,K-12,CBSE,Class 9,Geography,English,Contemporary India - I,3,Drainage,Drainage in India,,,,,River Pollution,River Pollution,NA,,,,,,
Centre,K-12,CBSE,Class 9,Geography,English,Contemporary India - I,4,Climate,Climate - India,,,,,NA,NA,NA,,,,,,
Centre,K-12,CBSE,Class 9,Geography,English,Contemporary India - I,4,Climate,Climate - India,,,,,Climatic Controls,Climatic Controls,NA,,,,,,
Centre,K-12,CBSE,Class 9,Geography,English,Contemporary India - I,4,Climate,Climate - India,,,,,Factors Affecting India’s Climate,Factors Affecting India’s Climate,NA,,,,,,
Centre,K-12,CBSE,Class 9,Geography,English,Contemporary India - I,4,Climate,Climate - India,,,,,Factors Affecting India’s Climate,Factors Affecting India’s Climate,Latitude,,,,,,
Centre,K-12,CBSE,Class 9,Geography,English,Contemporary India - I,4,Climate,Climate - India,,,,,Factors Affecting India’s Climate,Factors Affecting India’s Climate,Altitude,,,,,,
Centre,K-12,CBSE,Class 9,Geography,English,Contemporary India - I,4,Climate,Climate - India,,,,,Factors Affecting India’s Climate,Factors Affecting India’s Climate,Pressure and Winds, ,,,,,
Centre,K-12,CBSE,Class 9,Geography,English,Contemporary India - I,4,Climate,Climate - India,,,,,The Indian Monsoon,Indian Monsoon,NA,,,,,,
Centre,K-12,CBSE,Class 9,Geography,English,Contemporary India - I,4,Climate,Climate - India,,,,,The Indian Monsoon,Indian Monsoon,Inter Tropical Convergence Zone, ,,,,,
Centre,K-12,CBSE,Class 9,Geography,English,Contemporary India - I,4,Climate,Climate - India,,,,,The Indian Monsoon,Indian Monsoon,El Nino,,,,,,
Centre,K-12,CBSE,Class 9,Geography,English,Contemporary India - I,4,Climate,Climate - India,,,,,The Onset of the Monsoon and Withdrawal,Onset of the Monsoon and Withdrawal,NA,,,,,,
Centre,K-12,CBSE,Class 9,Geography,English,Contemporary India - I,4,Climate,Climate - India,,,,,The Seasons,Seasons,NA, ,,, ,,
Centre,K-12,CBSE,Class 9,Geography,English,Contemporary India - I,4,Climate,Climate - India,,,,,The Seasons,Seasons,The Cold Weather Season (Winter), ,,, ,,
Centre,K-12,CBSE,Class 9,Geography,English,Contemporary India - I,4,Climate,Climate - India,,,,,The Seasons,Seasons,The Hot Weather Season (Summer), ,,,,,
Centre,K-12,CBSE,Class 9,Geography,English,Contemporary India - I,4,Climate,Climate - India,,,,,The Seasons,Seasons,Advancing Monsoon (The Rainy Season), ,,,,,
Centre,K-12,CBSE,Class 9,Geography,English,Contemporary India - I,4,Climate,Climate - India,,,,,The Seasons,Seasons,Retreating/Post Monsoons (The Transition Season), ,,,,,
Centre,K-12,CBSE,Class 9,Geography,English,Contemporary India - I,4,Climate,Climate - India,,,,,Distribution of Rainfall,Distribution of Rainfall in India,NA,,,,,,
Centre,K-12,CBSE,Class 9,Geography,English,Contemporary India - I,4,Climate,Climate - India,,,,,Monsoon As a Unifying Bond,Unifying influence on Indian subcontinent,NA,,,,,,
Centre,K-12,CBSE,Class 9,Geography,English,Contemporary India - I,5,Natural Vegetation and Wild Life,Natural Vegetation and Wild Life - India, ,,, ,NA,NA,NA,,,,,,
Centre,K-12,CBSE,Class 9,Geography,English,Contemporary India - I,5,Natural Vegetation and Wild Life,Natural Vegetation and Wild Life - India, ,,,,Relief,Relief,Land,,,,,,
Centre,K-12,CBSE,Class 9,Geography,English,Contemporary India - I,5,Natural Vegetation and Wild Life,Natural Vegetation and Wild Life - India, ,,,,Relief,Relief,Soil,,,,,,
Centre,K-12,CBSE,Class 9,Geography,English,Contemporary India - I,5,Natural Vegetation and Wild Life,Natural Vegetation and Wild Life - India, ,,,,Climate,Climate,Temperature,,,,,,
Centre,K-12,CBSE,Class 9,Geography,English,Contemporary India - I,5,Natural Vegetation and Wild Life,Natural Vegetation and Wild Life - India, ,,,,Climate,Climate,Photoperiod (Sunlight ), ,,,,,
Centre,K-12,CBSE,Class 9,Geography,English,Contemporary India - I,5,Natural Vegetation and Wild Life,Natural Vegetation and Wild Life - India, ,,,,Climate,Climate,Precipitation,,,,,,
Centre,K-12,CBSE,Class 9,Geography,English,Contemporary India - I,5,Natural Vegetation and Wild Life,Natural Vegetation and Wild Life - India, ,,,,Ecosystem,Ecosystem,NA, ,,, ,,
Centre,K-12,CBSE,Class 9,Geography,English,Contemporary India - I,5,Natural Vegetation and Wild Life,Natural Vegetation and Wild Life - India, ,,,,Types of Vegetation,Types of Vegetation in India,NA,,,,,,
Centre,K-12,CBSE,Class 9,Geography,English,Contemporary India - I,5,Natural Vegetation and Wild Life,Natural Vegetation and Wild Life - India, ,,,,Types of Vegetation,Types of Vegetation in India,Tropical Evergreen Forests, ,,,,,
Centre,K-12,CBSE,Class 9,Geography,English,Contemporary India - I,5,Natural Vegetation and Wild Life,Natural Vegetation and Wild Life - India, ,,,,Types of Vegetation,Types of Vegetation in India,Tropical Deciduous Forests, ,,,,,
Centre,K-12,CBSE,Class 9,Geography,English,Contemporary India - I,5,Natural Vegetation and Wild Life,Natural Vegetation and Wild Life - India, ,,,,Types of Vegetation,Types of Vegetation in India,The Thorn Forests and Scrubs, ,,,,,
Centre,K-12,CBSE,Class 9,Geography,English,Contemporary India - I,5,Natural Vegetation and Wild Life,Natural Vegetation and Wild Life - India, ,,,,Types of Vegetation,Types of Vegetation in India,Montane Forests,,,,,,
Centre,K-12,CBSE,Class 9,Geography,English,Contemporary India - I,5,Natural Vegetation and Wild Life,Natural Vegetation and Wild Life - India, ,,,,Types of Vegetation,Types of Vegetation in India,Mangrove Forests, ,,,,,
Centre,K-12,CBSE,Class 9,Geography,English,Contemporary India - I,5,Natural Vegetation and Wild Life,Natural Vegetation and Wild Life - India, ,,,,Medicinal Plants,Medicinal Plants,NA,,,,,,
Centre,K-12,CBSE,Class 9,Geography,English,Contemporary India - I,5,Natural Vegetation and Wild Life,Natural Vegetation and Wild Life - India, ,,,,Wild Life,Wild Life,NA,,,, ,,
Centre,K-12,CBSE,Class 9,Geography,English,Contemporary India - I,5,Natural Vegetation and Wild Life,Natural Vegetation and Wild Life - India, ,,,,Wild Life,Wild Life,Migratory Birds,,,,,,
Centre,K-12,CBSE,Class 9,Geography,English,Contemporary India - I,6,Population,Population : India, ,,, ,NA,NA,NA,,,,,,
Centre,K-12,CBSE,Class 9,Geography,English,Contemporary India - I,6,Population,Population : India, ,,,,Population Size and Distribution,Population Size and Distribution in India,India’s Population Size and Distribution by Numbers, ,,,,,
Centre,K-12,CBSE,Class 9,Geography,English,Contemporary India - I,6,Population,Population : India, ,,,,Population Size and Distribution,Population Size and Distribution in India,India’s Population Distribution by Density, ,,,,,
Centre,K-12,CBSE,Class 9,Geography,English,Contemporary India - I,6,Population,Population : India, ,,,,Population Growth and Processes of population Change,Population Growth and Processes of population Change in India,NA,,,,,,
Centre,K-12,CBSE,Class 9,Geography,English,Contemporary India - I,6,Population,Population : India, ,,,,Population Growth and Processes of population Change,Population Growth and Processes of population Change in India,Population Growth, ,,,,,
Centre,K-12,CBSE,Class 9,Geography,English,Contemporary India - I,6,Population,Population : India, ,,,,Population Growth and Processes of population Change,Population Growth and Processes of population Change in India,Processes of Population Change/Growth, ,,,,,
Centre,K-12,CBSE,Class 9,Geography,English,Contemporary India - I,6,Population,Population : India, ,,,,Population Growth and Processes of population Change,Population Growth and Processes of population Change in India,Age Composition, ,,,,,
Centre,K-12,CBSE,Class 9,Geography,English,Contemporary India - I,6,Population,Population : India, ,,,,Population Growth and Processes of population Change,Population Growth and Processes of population Change in India,Sex Ratio,,,,,,
Centre,K-12,CBSE,Class 9,Geography,English,Contemporary India - I,6,Population,Population : India, ,,,,Population Growth and Processes of population Change,Population Growth and Processes of population Change in India,Literacy Rates,,,,,,
Centre,K-12,CBSE,Class 9,Geography,English,Contemporary India - I,6,Population,Population : India, ,,,,Population Growth and Processes of population Change,Population Growth and Processes of population Change in India,Occupational Structure, ,,,,,
Centre,K-12,CBSE,Class 9,Geography,English,Contemporary India - I,6,Population,Population : India, ,,,,Population Growth and Processes of population Change,Population Growth and Processes of population Change in India,Health,,,,,,
Centre,K-12,CBSE,Class 9,Geography,English,Contemporary India - I,6,Population,Population : India, ,,,,Population Growth and Processes of population Change,Population Growth and Processes of population Change in India,Adolescent Population, ,,,,,
Centre,K-12,CBSE,Class 9,Geography,English,Contemporary India - I,6,Population,Population : India, ,,,,Population Growth and Processes of population Change,Population Growth and Processes of population Change in India,National Population Policy, ,,,,,
Centre,K-12,CBSE,Class 9,Geography,English,Contemporary India - I,6,Population,Population : India, ,,,,Population Growth and Processes of population Change,Population Growth and Processes of population Change in India,NPP 2000 and Adolescents, ,,,,,
Centre,K-12,CBSE,Class 10,Geography,English,Contemporary India - II,1,Resources and Development,Resources and Development - India,https://diksha.gov.in/play/content/do_31257982486549299219976, ,,C3,NA,NA,NA,,,,,Reviewed ,
Centre,K-12,CBSE,Class 10,Geography,English,Contemporary India - II,1,Resources and Development,Resources and Development - India, ,,,,Types of Resources,Types of Resources,NA,https://diksha.gov.in/play/content/do_31257982491756953629739, ,,C3,Reviewed ,
Centre,K-12,CBSE,Class 10,Geography,English,Contemporary India - II,1,Resources and Development,Resources and Development - India, ,,,,Types of Resources,Types of Resources,On the Basis of Origin,https://diksha.gov.in/play/content/do_31257982492664627219980, ,,C5,,
,,,,,,,,,,,,,,,,,https://diksha.gov.in/play/content/do_31257982493851648019981, ,,C5,Reviewed ,"Not relevant; This is about Abiotic Components, may be wrongly put here, also it is not taged to any chapter or topic, "
Centre,K-12,CBSE,Class 10,Geography,English,Contemporary India - II,1,Resources and Development,Resources and Development - India, ,,,,Types of Resources,Types of Resources,On the Basis of Exhaustibility,https://diksha.gov.in/play/content/do_31257982494960844819982, ,,C5,Reviewed ,
,,,,,,,,,,,,,,,,,https://diksha.gov.in/play/content/do_31257982496304332819983, ,,C5,Reviewed ,
Centre,K-12,CBSE,Class 10,Geography,English,Contemporary India - II,1,Resources and Development,Resources and Development - India, ,,,,Types of Resources,Types of Resources,On the Basis of Ownership, ,,, ,,
Centre,K-12,CBSE,Class 10,Geography,English,Contemporary India - II,1,Resources and Development,Resources and Development - India, ,,,,Types of Resources,Types of Resources,On the Basis of the Status of Development,https://diksha.gov.in/play/content/do_31257982498618572819984, ,,C3,,
Centre,K-12,CBSE,Class 10,Geography,English,Contemporary India - II,1,Resources and Development,Resources and Development - India, ,,,,Development of Resources,Development of Resources,NA,,,,,,
Centre,K-12,CBSE,Class 10,Geography,English,Contemporary India - II,1,Resources and Development,Resources and Development - India, ,,,,Development of Resources,Development of Resources,Sustainable development, ,,,,,
Centre,K-12,CBSE,Class 10,Geography,English,Contemporary India - II,1,Resources and Development,Resources and Development - India, ,,,,"Rio de Janeiro Earth Summit, 1992",Sustainable Development,NA,https://community.ekstep.in/preview/content/do_31257982502795673619986, ,,C5,Reviewed ,
Centre,K-12,CBSE,Class 10,Geography,English,Contemporary India - II,1,Resources and Development,Resources and Development - India, ,,,,"Rio de Janeiro Earth Summit, 1992",Sustainable Development,"Rio de Janeiro Earth Summit, 1992 - Agenda 21",https://community.ekstep.in/preview/content/do_31257982504897740829743, ,,C3,Reviewed ,
Centre,K-12,CBSE,Class 10,Geography,English,Contemporary India - II,1,Resources and Development,Resources and Development - India, ,,,,Resource Planning,Resource Planning in India,NA, ,,, ,,
Centre,K-12,CBSE,Class 10,Geography,English,Contemporary India - II,1,Resources and Development,Resources and Development - India, ,,,,Resource Planning,Resource Planning in India,Resource Planning in India, ,,,,,
Centre,K-12,CBSE,Class 10,Geography,English,Contemporary India - II,1,Resources and Development,Resources and Development - India, ,,,,Land Resources,Land Resources,NA,https://community.ekstep.in/preview/content/do_31257982510011187219991, ,,C3,Reviewed ,
Centre,K-12,CBSE,Class 10,Geography,English,Contemporary India - II,1,Resources and Development,Resources and Development - India, ,,,,Land Resources,Land Resources,Land Utilisation, ,,, ,,
Centre,K-12,CBSE,Class 10,Geography,English,Contemporary India - II,1,Resources and Development,Resources and Development - India, ,,,,Land Resources,Land Resources,Land Use Pattern in India, ,,, ,,
Centre,K-12,CBSE,Class 10,Geography,English,Contemporary India - II,1,Resources and Development,Resources and Development - India, ,,,,Land Degradation and Conservation measures,Land Degradation and Conservation measurement in India,NA,https://community.ekstep.in/preview/content/do_31257982514447974429748, ,,C5,,
Centre,K-12,CBSE,Class 10,Geography,English,Contemporary India - II,1,Resources and Development,Resources and Development - India, ,,,,Soil as a Resource,Soil as a Resource,NA,https://diksha.gov.in/play/content/do_31257982520860672029750, ,,C3,,
Centre,K-12,CBSE,Class 10,Geography,English,Contemporary India - II,1,Resources and Development,Resources and Development - India, ,,,,Soil as a Resource,Soil as a Resource,Classification of Soils,https://diksha.gov.in/play/content/do_31257982521657753629751, ,,C3,,
Centre,K-12,CBSE,Class 10,Geography,English,Contemporary India - II,1,Resources and Development,Resources and Development - India, ,,,,Soil as a Resource,Soil as a Resource,Classification of Soils - Alluvial Soils, ,,, ,,
Centre,K-12,CBSE,Class 10,Geography,English,Contemporary India - II,1,Resources and Development,Resources and Development - India, ,,,,Soil as a Resource,Soil as a Resource,Classification of Soils - Black Soil, ,,,,,
Centre,K-12,CBSE,Class 10,Geography,English,Contemporary India - II,1,Resources and Development,Resources and Development - India, ,,,,Soil as a Resource,Soil as a Resource,Classification of Soils - Red and Yellow Soils,https://diksha.gov.in/play/content/do_31257982531887923229758, ,,C5,Reviewed ,
Centre,K-12,CBSE,Class 10,Geography,English,Contemporary India - II,1,Resources and Development,Resources and Development - India, ,,,,Soil as a Resource,Soil as a Resource,Classification of Soils - Laterite Soil,https://community.ekstep.in/preview/content/do_312579825347584000110003, ,,C5,Reviewed ,
Centre,K-12,CBSE,Class 10,Geography,English,Contemporary India - II,1,Resources and Development,Resources and Development - India, ,,,,Soil as a Resource,Soil as a Resource,Classification of Soils - Arid Soils,https://diksha.gov.in/play/content/do_312579825391206400110004, ,,C5,,
Centre,K-12,CBSE,Class 10,Geography,English,Contemporary India - II,1,Resources and Development,Resources and Development - India, ,,,,Soil as a Resource,Soil as a Resource,Classification of Soils - Forest Soils, ,,,,,
Centre,K-12,CBSE,Class 10,Geography,English,Contemporary India - II,1,Resources and Development,Resources and Development - India, ,,,,Soil Erosion and Soil Conservation,Soil Erosion and Soil Conservation,NA,https://diksha.gov.in/play/content/do_31257982547082444829764, ,,C3,Reviewed ,
Centre,K-12,CBSE,Class 10,Geography,English,Contemporary India - II,1,Resources and Development,Resources and Development - India, ,,,,State of India’s Environment,Environment Regeneration in India,NA,https://diksha.gov.in/play/content/do_312579825485258752110008, ,,C3,Reviewed ,
Centre,K-12,CBSE,Class 10,Geography,English,Contemporary India - II,2,Forest and Wildlife Resources,Forest and Wildlife Resources in India,https://diksha.gov.in/play/content/do_312579825529217024110010,https://diksha.gov.in/play/content/do_312471036175499264218528, ,"C3,C4",NA,NA,NA, ,,, ,Reviewed ,
Centre,K-12,CBSE,Class 10,Geography,English,Contemporary India - II,2,Forest and Wildlife Resources,Forest and Wildlife Resources in India, ,,,,Flora and Fauna in India,Flora and Fauna in India,NA,https://community.ekstep.in/preview/content/do_31257982554768998429769, ,,C1,Reviewed ,
Centre,K-12,CBSE,Class 10,Geography,English,Contemporary India - II,2,Forest and Wildlife Resources,Forest and Wildlife Resources in India, ,,,,Conservation of Forest and Wildlife in India,Conservation of Forest and Wildlife in India,NA,https://diksha.gov.in/play/content/do_31257982557404364829772, ,,C1,,
Centre,K-12,CBSE,Class 10,Geography,English,Contemporary India - II,2,Forest and Wildlife Resources,Forest and Wildlife Resources in India, ,,,,Types and Distribution of Forest and Wildlife Resources,Types and Distribution of Forest and Wildlife Resources in India,NA, ,,, ,,
Centre,K-12,CBSE,Class 10,Geography,English,Contemporary India - II,2,Forest and Wildlife Resources,Forest and Wildlife Resources in India, ,,,,Community and Conservation,Community and Conservation in India,NA,https://diksha.gov.in/play/content/do_31257982562730803229776, ,,C5,Reviewed ,
Centre,K-12,CBSE,Class 10,Geography,English,Contemporary India - II,3,Water Resources,Water Resources in India, ,,,,NA,NA,NA, ,,, ,,
Centre,K-12,CBSE,Class 10,Geography,English,Contemporary India - II,3,Water Resources,Water Resources in India, ,,,,Water Scarcity and the Need for Water conservation and Management,Water Scarcity and the Need for Water conservation and Management - India,NA,,,,,,
Centre,K-12,CBSE,Class 10,Geography,English,Contemporary India - II,3,Water Resources,Water Resources in India, ,,,,Multi-purpose River Projects and integrated Water Resources Management,Conserve and Manage Water Resources in India,NA,,,,,,
Centre,K-12,CBSE,Class 10,Geography,English,Contemporary India - II,3,Water Resources,Water Resources in India, ,,,,Rainwater Harvesting,Rainwater Harvesting in India,NA,,,,,,
Centre,K-12,CBSE,Class 10,Geography,English,Contemporary India - II,3,Water Resources,Water Resources in India, ,,,,Bamboo Drip Irrigation System,Bamboo Drip Irrigation System in India,NA,,,,,,
Centre,K-12,CBSE,Class 10,Geography,English,Contemporary India - II,4,Agriculture,Agriculture in India, , , , ,NA,NA,NA,,,,,,
Centre,K-12,CBSE,Class 10,Geography,English,Contemporary India - II,4,Agriculture,Agriculture in India, ,,,,Types of Farming,Types of Farming in India,NA,,,,,,
Centre,K-12,CBSE,Class 10,Geography,English,Contemporary India - II,4,Agriculture,Agriculture in India, ,,,,Types of Farming,Types of Farming in India,Primitive Subsistence Farming, ,,,,,
Centre,K-12,CBSE,Class 10,Geography,English,Contemporary India - II,4,Agriculture,Agriculture in India, ,,,,Types of Farming,Types of Farming in India,Intensive Subsistence Farming, ,,,,,
Centre,K-12,CBSE,Class 10,Geography,English,Contemporary India - II,4,Agriculture,Agriculture in India, ,,,,Types of Farming,Types of Farming in India,Commercial Farming, ,,,,,
Centre,K-12,CBSE,Class 10,Geography,English,Contemporary India - II,4,Agriculture,Agriculture in India, ,,,,Cropping Pattern,Cropping Pattern in India,NA,,,,,,
Centre,K-12,CBSE,Class 10,Geography,English,Contemporary India - II,4,Agriculture,Agriculture in India, ,,,,Cropping Pattern,Cropping Pattern in India,Major Crops,,,,,,
Centre,K-12,CBSE,Class 10,Geography,English,Contemporary India - II,4,Agriculture,Agriculture in India, ,,,,Cropping Pattern,Cropping Pattern in India,Food Crops other than Grains, ,,,,,
Centre,K-12,CBSE,Class 10,Geography,English,Contemporary India - II,4,Agriculture,Agriculture in India, ,,,,Cropping Pattern,Cropping Pattern in India,Non-Food Crops,,,,,,
Centre,K-12,CBSE,Class 10,Geography,English,Contemporary India - II,4,Agriculture,Agriculture in India, ,,,,Cropping Pattern,Cropping Pattern in India,Technological and Institutional Reforms, ,,,,,
Centre,K-12,CBSE,Class 10,Geography,English,Contemporary India - II,4,Agriculture,Agriculture in India, ,,,,Cropping Pattern,Cropping Pattern in India,"Contribution of agriculture to the national economy, employment and output", ,,,,,
Centre,K-12,CBSE,Class 10,Geography,English,Contemporary India - II,4,Agriculture,Agriculture in India, ,,,,Food Security,Food Security in India,NA, ,,, ,,
Centre,K-12,CBSE,Class 10,Geography,English,Contemporary India - II,4,Agriculture,Agriculture in India, ,,,,Impact of Globalisation on Agriculture,Impact of Globalisation on Agriculture in India,NA,,,,,,
Centre,K-12,CBSE,Class 10,Geography,English,Contemporary India - II,5,Minerals and Energy Resources,Minerals and Energy Resources in India, ,,,,NA,NA,NA,,,,,,
Centre,K-12,CBSE,Class 10,Geography,English,Contemporary India - II,5,Minerals and Energy Resources,Minerals and Energy Resources in India, ,,,,What is a mineral?,Mineral,NA,,,,,,
Centre,K-12,CBSE,Class 10,Geography,English,Contemporary India - II,5,Minerals and Energy Resources,Minerals and Energy Resources in India, ,,,,Classification of Minerals,Classification of Minerals,NA,,,,,,
Centre,K-12,CBSE,Class 10,Geography,English,Contemporary India - II,5,Minerals and Energy Resources,Minerals and Energy Resources in India, ,,,,Mode of Occurrence of Minerals,Mode of Occurrence of Minerals,Where are these minerals found?, ,,,,,
Centre,K-12,CBSE,Class 10,Geography,English,Contemporary India - II,5,Minerals and Energy Resources,Minerals and Energy Resources in India, ,,,,Ferrous Minerals,Ferrous Minerals in India,NA,,,,,,
Centre,K-12,CBSE,Class 10,Geography,English,Contemporary India - II,5,Minerals and Energy Resources,Minerals and Energy Resources in India, ,,,,Ferrous Minerals,Ferrous Minerals in India,Iron Ore,,,,,,
Centre,K-12,CBSE,Class 10,Geography,English,Contemporary India - II,5,Minerals and Energy Resources,Minerals and Energy Resources in India, ,,,,Ferrous Minerals,Ferrous Minerals in India,Manganese,,,,,,
Centre,K-12,CBSE,Class 10,Geography,English,Contemporary India - II,5,Minerals and Energy Resources,Minerals and Energy Resources in India, ,,,,Non-Ferrous Minerals,Non-Ferrous Minerals in India,NA,,,,,,
Centre,K-12,CBSE,Class 10,Geography,English,Contemporary India - II,5,Minerals and Energy Resources,Minerals and Energy Resources in India, ,,,,Non-Ferrous Minerals,Non-Ferrous Minerals in India,Copper,,,,,,
Centre,K-12,CBSE,Class 10,Geography,English,Contemporary India - II,5,Minerals and Energy Resources,Minerals and Energy Resources in India, ,,,,Non-Ferrous Minerals,Non-Ferrous Minerals in India,Bauxite,,,,,,
Centre,K-12,CBSE,Class 10,Geography,English,Contemporary India - II,5,Minerals and Energy Resources,Minerals and Energy Resources in India, ,,,,Non-Metallic Minerals,Non-Metallic Minerals in India,NA,,,,,,
Centre,K-12,CBSE,Class 10,Geography,English,Contemporary India - II,5,Minerals and Energy Resources,Minerals and Energy Resources in India, ,,,,Rock Minerals,Rock Minerals,NA,,,,,,
Centre,K-12,CBSE,Class 10,Geography,English,Contemporary India - II,5,Minerals and Energy Resources,Minerals and Energy Resources in India, ,,,,Hazards of Mining,Hazards of Mining,NA,,,,,,
Centre,K-12,CBSE,Class 10,Geography,English,Contemporary India - II,5,Minerals and Energy Resources,Minerals and Energy Resources in India, ,,,,Conservation of Minerals,Conservation of Minerals,NA,,,,,,
Centre,K-12,CBSE,Class 10,Geography,English,Contemporary India - II,5,Minerals and Energy Resources,Minerals and Energy Resources in India, ,,,,Energy Resources,Energy Resources,NA,,,,,,
Centre,K-12,CBSE,Class 10,Geography,English,Contemporary India - II,5,Minerals and Energy Resources,Minerals and Energy Resources in India, ,,,,Energy Resources,Energy Resources,Conventional Sources of Energy, ,,,,,
Centre,K-12,CBSE,Class 10,Geography,English,Contemporary India - II,5,Minerals and Energy Resources,Minerals and Energy Resources in India, ,,,,Energy Resources,Energy Resources,Non-Conventional Sources of Energy, ,,,,,
Centre,K-12,CBSE,Class 10,Geography,English,Contemporary India - II,5,Minerals and Energy Resources,Minerals and Energy Resources in India, ,,,,Conservation of Energy Resources,Conservation of Energy Resources,NA,,,,,,
Centre,K-12,CBSE,Class 10,Geography,English,Contemporary India - II,6,Manufacturing Industries,Manufacturing Industries : India, ,,,,NA,NA,NA,,,,,,
Centre,K-12,CBSE,Class 10,Geography,English,Contemporary India - II,6,Manufacturing Industries,Manufacturing Industries : India, ,,,,Importance of Manufacturing,Importance of Manufacturing,NA,,,,,,
Centre,K-12,CBSE,Class 10,Geography,English,Contemporary India - II,6,Manufacturing Industries,Manufacturing Industries : India, ,,,,Contribution of Industry to National Economy,Contribution of Industry to National Economy in India,NA,,,,,,
Centre,K-12,CBSE,Class 10,Geography,English,Contemporary India - II,6,Manufacturing Industries,Manufacturing Industries : India, ,,,,Industrial Location,Industrial Location,NA,,,,,,
Centre,K-12,CBSE,Class 10,Geography,English,Contemporary India - II,6,Manufacturing Industries,Manufacturing Industries : India, ,,,,Classification of Industries,Classification of Industries,NA,,,,,,
Centre,K-12,CBSE,Class 10,Geography,English,Contemporary India - II,6,Manufacturing Industries,Manufacturing Industries : India, ,,,,Agro Based Industries,Agro Based Industries in India,NA,,,,,,
Centre,K-12,CBSE,Class 10,Geography,English,Contemporary India - II,6,Manufacturing Industries,Manufacturing Industries : India, ,,,,Agro Based Industries,Agro Based Industries in India,Textile Industry,,,,,,
Centre,K-12,CBSE,Class 10,Geography,English,Contemporary India - II,6,Manufacturing Industries,Manufacturing Industries : India, ,,,,Agro Based Industries,Agro Based Industries in India,Cotton Textiles,,,,,,
Centre,K-12,CBSE,Class 10,Geography,English,Contemporary India - II,6,Manufacturing Industries,Manufacturing Industries : India, ,,,,Agro Based Industries,Agro Based Industries in India,Jute Textiles,,,,,,
Centre,K-12,CBSE,Class 10,Geography,English,Contemporary India - II,6,Manufacturing Industries,Manufacturing Industries : India, ,,,,Agro Based Industries,Agro Based Industries in India,Sugar Industry,,,,,,
Centre,K-12,CBSE,Class 10,Geography,English,Contemporary India - II,6,Manufacturing Industries,Manufacturing Industries : India, ,,,,Mineral based Industries,Mineral based Industries in India,NA,,,,,,
Centre,K-12,CBSE,Class 10,Geography,English,Contemporary India - II,6,Manufacturing Industries,Manufacturing Industries : India, ,,,,Mineral based Industries,Mineral based Industries in India,Iron and Steel Industry, ,,,,,
Centre,K-12,CBSE,Class 10,Geography,English,Contemporary India - II,6,Manufacturing Industries,Manufacturing Industries : India, ,,,,Mineral based Industries,Mineral based Industries in India,Aluminium Smelting, ,,,,,
Centre,K-12,CBSE,Class 10,Geography,English,Contemporary India - II,6,Manufacturing Industries,Manufacturing Industries : India, ,,,,Mineral based Industries,Mineral based Industries in India,Chemical Industries, ,,,,,
Centre,K-12,CBSE,Class 10,Geography,English,Contemporary India - II,6,Manufacturing Industries,Manufacturing Industries : India, ,,,,Mineral based Industries,Mineral based Industries in India,Fertiliser Industry, ,,,,,
Centre,K-12,CBSE,Class 10,Geography,English,Contemporary India - II,6,Manufacturing Industries,Manufacturing Industries : India, ,,,,Mineral based Industries,Mineral based Industries in India,Cement Industry,,,,,,
Centre,K-12,CBSE,Class 10,Geography,English,Contemporary India - II,6,Manufacturing Industries,Manufacturing Industries : India, ,,,,Mineral based Industries,Mineral based Industries in India,Automobile Industry, ,,,,,
Centre,K-12,CBSE,Class 10,Geography,English,Contemporary India - II,6,Manufacturing Industries,Manufacturing Industries : India, ,,,,Mineral based Industries,Mineral based Industries in India,Information Technology and Electronics Industry, ,,,,,
Centre,K-12,CBSE,Class 10,Geography,English,Contemporary India - II,6,Manufacturing Industries,Manufacturing Industries : India, ,,,,Industrial Pollution and Environmental Degradation,Industrial Pollution and Environmental Degradation in India,NA,,,,,,
Centre,K-12,CBSE,Class 10,Geography,English,Contemporary India - II,6,Manufacturing Industries,Manufacturing Industries : India, ,,,,Control of Environmental Degradation,Control of Environmental Degradation,NA,,,,,,
Centre,K-12,CBSE,Class 10,Geography,English,Contemporary India - II,7,Lifelines of National Economy,Lifelines of National Economy : India, , , , ,NA,NA,NA,,,,,,
Centre,K-12,CBSE,Class 10,Geography,English,Contemporary India - II,7,Lifelines of National Economy,Lifelines of National Economy : India, ,,,,Transport,Different Transport System of India,Roadways,,,,,,
Centre,K-12,CBSE,Class 10,Geography,English,Contemporary India - II,7,Lifelines of National Economy,Lifelines of National Economy : India, ,,,,Transport,Different Transport System of India,Road Density,,,,,,
Centre,K-12,CBSE,Class 10,Geography,English,Contemporary India - II,7,Lifelines of National Economy,Lifelines of National Economy : India, ,,,,Transport,Different Transport System of India,Railways,,,,,,
Centre,K-12,CBSE,Class 10,Geography,English,Contemporary India - II,7,Lifelines of National Economy,Lifelines of National Economy : India, ,,,,Transport,Different Transport System of India,Pipelines,,,,,,
Centre,K-12,CBSE,Class 10,Geography,English,Contemporary India - II,7,Lifelines of National Economy,Lifelines of National Economy : India, ,,,,Transport,Different Transport System of India,Waterways,,,,,,
Centre,K-12,CBSE,Class 10,Geography,English,Contemporary India - II,7,Lifelines of National Economy,Lifelines of National Economy : India, ,,,,Transport,Different Transport System of India,Major Sea Ports,,,,,,
Centre,K-12,CBSE,Class 10,Geography,English,Contemporary India - II,7,Lifelines of National Economy,Lifelines of National Economy : India, ,,,,Transport,Different Transport System of India,Airways,,,,,,
Centre,K-12,CBSE,Class 10,Geography,English,Contemporary India - II,7,Lifelines of National Economy,Lifelines of National Economy : India, ,,,,Communication,Communication in India,NA,,,,,,
Centre,K-12,CBSE,Class 10,Geography,English,Contemporary India - II,7,Lifelines of National Economy,Lifelines of National Economy : India, ,,,,International Trade,International Trade in India,NA,,,,,,
Centre,K-12,CBSE,Class 10,Geography,English,Contemporary India - II,7,Lifelines of National Economy,Lifelines of National Economy : India, ,,,,Tourism as a Trade,Tourism as a Trade in India,NA,,,,,,